Study ID,Days Dx to HR Assessment,ER,PR,HER2
P001,0,1,1,0
P045,0,1,1,0
P045,10,1,1,0
P045,324,1,1,0
P060,0,1,1,1
P060,1520,1,1,1
P074,0,0,0,0
P074,42,0,0,0
P087,0,1,0,0
P099,0,1,0,0
P099,1840,1,1,1
P099,2372,0,0,0
P099,2522,0,0,1
P099,2659,0,0,0
P099,2881,0,0,0
P108,0,0,0,1
P120,0,1,1,0
P120,1521,0,0,1
P120,2192,1,1,1
P132,0,0,0,1
P132,607,0,0,0
P132,607,0,0,0
P022,0,0,0,0
P022,56,0,0,0
P022,864,0,0,0
P022,2432,0,0,0
P032,11,1,1,1
P032,26,1,1,1
P036,0,1,1,0
P036,861,1,1,0
P038,0,0,NF,1
P038,1170,0,NF,1
P038,2365,0,0,1
P039,0,1,1,0
P039,124,1,0,0
P041,0,1,1,1
P041,2312,1,1,1
P043,0,1,1,0
P043,4779,0,0,0
P043,4823,0,0,0
P043,4935,0,0,0
P043,5904,1,0,0
P046,0,0,0,0
P046,15,0,0,0
P046,824,0,0,0
P047,0,1,1,0
P047,87,1,0,0
P050,0,0,0,0
P050,1014,0,1,0
P050,1042,0,1,0
P052,0,0,0,0
P053,0,0,0,0
P054,0,1,1,NF
P055,0,1,0,0
P055,4,1,0,0
P057,0,1,1,0
P058,0,0,0,1
P058,21,0,0,1
P061,0,1,1,0
P061,746,1,1,NF
P062,0,0,0,0
P062,35,0,0,0
P062,430,0,0,0
P063,0,1,1,1
P063,1244,1,0,1
P065,0,0,0,1
P067,0,1,1,0
P067,24,1,1,NF
P067,164,1,1,0
P067,1769,1,0,0
P069,0,1,NF,0
P069,4059,0,0,0
P070,0,0,0,1
P070,837,0,0,1
P072,0,0,0,0
P072,840,0,1,0
P072,1572,0,1,0
P075,0,1,1,0
P075,1400,1,0,0
P075,1535,0,0,0
P077,0,0,0,0
P077,202,1,1,0
P078,0,1,0,0
P078,16,1,0,0
P078,154,1,1,1
P078,1421,1,1,0
P078,1499,1,0,0
P079,0,1,1,1
P079,430,1,0,1
P079,2468,1,0,1
P081,0,0,0,1
P081,13,0,0,1
P081,910,0,0,1
P083,0,0,0,NF
P083,267,0,0,0
P083,904,0,0,0
P084,0,0,0,0
P084,572,0,0,0
P085,0,0,0,0
P086,0,1,1,0
P088,0,0,0,0
P088,367,0,0,0
P089,0,NF,NF,NF
P089,8856,1,NF,NF
P090,0,1,0,0
P090,1196,1,0,0
P092,0,1,1,0
P092,7027,0,1,0
P093,0,0,0,0
P093,1429,0,NF,0
P093,2036,0,0,0
P094,0,1,1,0
P094,1846,0,0,0
P094,3212,1,1,0
P095,,NF,NF,1
P096,0,1,1,0
P096,41,1,1,1
P097,0,1,1,1
P097,544,0,0,1
P098,0,1,1,0
P098,37,1,1,0
P100,0,1,1,1
P101,0,0,0,0
P101,914,0,0,0
P102,0,1,0,1
P102,521,1,1,1
P103,0,1,1,1
P103,3651,1,0,1
P104,0,1,0,0
P104,22,1,0,0
P104,680,1,1,0
P105,0,1,1,0
P106,0,0,0,1
P106,2091,0,0,1
P107,0,1,0,0
P107,1096,1,0,0
P109,0,1,1,0
P109,1063,1,1,NF
P110,0,1,0,0
P111,0,1,1,0
P111,2921,1,0,0
P112,0,1,1,0
P112,2252,1,0,0
P112,3843,0,0,0
P112,3857,1,0,0
P112,4024,0,0,0
P113,0,1,1,1
P113,2525,1,1,1
P113,5692,1,1,1
P114,0,1,1,0
P114,497,0,0,0
P114,1239,0,0,NF
P114,1268,0,0,NF
P114,2140,0,0,0
P115,0,1,1,0
P115,413,1,0,0
P116,0,0,0,0
P116,418,1,0,0
P116,661,1,1,1
P116,683,1,1,0
P116,875,1,0,0
P117,0,1,1,0
P118,0,1,1,0
P118,1194,1,0,0
P121,0,1,1,1
P122,0,1,1,0
P123,0,1,1,0
P123,2194,0,0,NF
P124,0,0,0,0
P125,0,1,1,0
P125,1090,1,1,0
P125,1236,1,1,NF
P126,0,1,0,0
P126,221,0,0,0
P126,412,0,0,0
P126,809,0,0,0
P126,1001,1,1,0
P126,1112,0,1,1
P126,1177,0,1,0
P126,1177,0,1,0
P126,1355,0,0,0
P127,0,1,1,1
P127,702,1,1,1
P128,0,0,0,0
P128,21,0,0,0
P129,0,1,NF,0
P129,4343,1,0,0
P130,0,1,1,0
P130,4649,1,0,0
P130,5033,1,1,0
P133,0,0,0,0
P133,653,0,0,0
P134,0,1,1,0
P135,0,NF,NF,0
P136,0,0,0,0
P137,0,0,0,1
P138,0,0,0,1
P138,636,0,0,1
P139,0,1,0,0
P139,-7,1,0,0
P140,0,0,0,1
P140,1026,0,0,1
P141,0,1,1,0
P002,0,1,1,0
P002,1310,NF,NF,0
P002,2041,NF,NF,0
P003,0,1,1,1
P003,595,1,1,1
P003,2394,1,1,0
P003,3582,1,1,0
P004,0,1,1,1
P005,0,0,0,1
P006,0,0,0,0
P007,0,0,0,0
P008,0,0,0,0
P009,0,1,1,0
P009,3838,1,1,0
P010,,NF,NF,NF
P011,0,1,1,1
P011,3269,1,1,0
P012,0,1,1,0
P013,0,0,0,0
P013,2059,0,0,0
P014,0,0,0,0
P015,0,0,0,1
P016,0,1,1,0
P016,34,1,1,0
P016,718,1,0,0
P017,0,1,1,0
P017,1026,1,0,0
P017,1833,0,0,0
P017,2574,1,NF,NF
P018,0,0,0,0
P018,46,0,0,0
P019,0,0,0,1
P019,41,0,0,1
P020,0,0,0,1
P020,22,0,0,1
P023,0,1,1,0
P023,2554,0,NF,NF
P023,2584,1,0,0
P023,2746,0,0,0
P024,0,1,0,0
P024,520,1,0,0
P025,0,1,1,0
P025,1343,1,0,1
P026,0,1,1,NF
P027,0,0,0,0
P027,395,0,1,0
P028,0,0,0,0
P029,0,1,1,0
P029,65,1,1,0
P029,720,1,1,0
P030,0,0,0,1
P030,57,0,0,1
P033,0,1,1,0
P033,146,1,0,0
P033,225,1,1,0
P033,435,1,0,0
P033,721,1,0,0
P034,0,0,0,1
P034,24,0,0,1
P035,0,0,0,0
P035,1006,1,0,0
P021,0,1,1,0
P021,220,1,1,0
P031,0,1,1,0
P031,400,1,1,0
P031,538,1,1,0
P031,1421,0,1,0
P037,0,1,1,0
P037,1183,1,1,0
P037,1945,1,1,0
P040,0,1,1,0
P040,938,1,1,0
P040,1008,1,1,0
P040,1099,1,1,0
P042,0,0,0,1
P042,446,0,0,1
P042,825,0,1,1
P042,972,0,0,1
P044,0,0,0,0
P044,217,0,0,0
P044,1507,0,0,0
P044,2219,0,0,0
P044,3017,0,0,0
P048,0,1,1,0
P048,1999,1,0,0
P048,2149,0,0,0
P048,2792,0,1,0
P048,3234,0,1,0
P049,0,1,1,1
P049,173,1,1,1
P049,854,1,1,1
P049,1909,1,1,1
P049,2061,1,1,1
P049,2155,1,1,1
P051,0,1,1,0
P051,1090,1,1,0
P051,1236,1,1,0
P051,2624,1,0,0
P056,0,1,0,0
P056,251,1,1,0
P056,1522,1,1,0
P056,1973,1,0,0
P056,2041,1,0,0
P059,0,0,0,0
P059,182,0,0,0
P059,832,0,0,0
P064,0,1,1,1
P064,193,1,0,NF
P064,345,1,NF,NF
P064,1185,1,1,1
P066,0,1,1,0
P068,0,0,1,1
P068,21,0,1,1
P068,187,0,1,1
P068,2394,0,0,1
P068,3373,0,0,1
P071,0,0,0,1
P071,3065,0,0,1
P073,0,0,0,0
P073,191,0,0,0
P073,349,0,0,0
P076,0,1,1,1
P080,0,1,0,0
P080,3572,1,1,0
P082,0,1,NF,NF
P082,2478,1,1,1
P091,0,1,1,1
P091,2282,1,0,1
P119,0,1,0,0
P119,48,0,0,0
P131,0,1,1,0
P131,702,0,0,0
P131,1310,0,0,0
